feature_1,feature_2,feature_3,feature_4,feature_5,cluster
-6.183722,-7.883023,7.411930,3.499830,3.019762,1
-7.573015,-9.556735,8.218447,1.727351,5.409194,1
-9.997593,8.874109,6.801208,-6.575638,-5.242470,2
-5.749338,-4.715096,-1.412874,-1.754152,-3.173785,3
-2.568723,5.773019,3.615491,1.720602,-8.127410,0
-6.137982,-8.762894,5.721557,1.776238,3.318205,1
-5.094256,-3.535388,-0.472917,-1.671407,-4.789740,3
-5.101688,-4.512129,-1.895176,-1.773320,-3.261943,3
-0.971161,8.978460,6.204522,-0.646575,-6.057725,0
-1.180045,9.210807,5.348883,1.883434,-5.439510,0
-8.104408,-9.047351,6.473002,1.441777,4.750030,1
-3.040066,8.524847,5.684040,2.655061,-5.032920,0
-3.325008,8.937184,4.981031,2.249860,-6.052444,0
-5.691367,-3.792077,0.382001,-2.660316,-3.942630,3
-7.793099,9.628268,7.146596,-5.087294,-5.941914,2
-6.403069,-8.761506,6.040531,3.018567,3.667695,1
-2.337829,8.898638,4.338775,0.494648,-7.599471,0
-4.655517,-4.860662,-0.658222,-0.223785,-3.836864,3
-9.041045,9.947081,6.393897,-5.878672,-6.035621,2
-7.453810,-8.862682,9.465793,3.749843,4.597775,1
-6.046581,-10.832063,7.697579,3.249969,2.951811,1
-7.697734,-4.064124,0.997913,0.435261,-3.469338,3
-8.620125,9.066889,6.036616,-6.838368,-7.188911,2
-9.763874,10.066852,6.746920,-4.457346,-7.082333,2
-5.516409,-3.963244,0.311978,-1.717773,-2.994776,3
-2.015880,9.199122,3.781521,2.673480,-7.455265,0
-1.349868,7.933223,5.255814,2.566271,-7.189174,0
-9.102274,7.850893,7.731544,-6.224342,-6.457137,2
-2.968559,8.164442,5.470215,1.117086,-6.808061,0
-7.000491,-11.010997,8.170945,1.486972,4.070918,1
-3.334695,8.692900,5.052810,1.409445,-7.701848,0
-5.619198,-5.798305,0.122810,-0.923786,-3.990242,3
-7.408726,-8.251964,8.561806,2.043572,4.470285,1
-9.235805,8.827846,4.828250,-5.483160,-8.275756,2
-2.399803,9.740053,5.120888,2.197054,-7.670102,0
-7.246934,-9.230086,6.401113,3.637676,3.839131,1
-8.609452,9.483515,5.840587,-6.583662,-5.840987,2
-6.409131,-3.489311,0.913334,-3.137111,-3.111476,3
-5.690639,-10.065936,7.920923,2.723473,3.863888,1
-9.958818,7.992630,6.664471,-4.850941,-7.271257,2
-6.301878,-6.067539,1.371584,-2.922593,-2.671997,3
-5.961033,-9.128602,7.590915,2.343998,3.493361,1
-7.317714,-4.199310,1.689891,-0.466452,-5.548277,3
-6.733317,-7.226107,8.220362,1.753770,3.270259,1
-9.162423,9.417345,6.007366,-5.265346,-4.559153,2
-2.764175,10.518279,1.988909,3.064677,-5.633542,0
-6.577474,-9.592604,7.259385,2.351063,4.482809,1
-6.721834,-3.757102,0.398505,-1.777067,-5.121163,3
-2.541892,6.946844,4.550759,0.668700,-6.209955,0
-10.392626,10.293552,6.017275,-5.500053,-5.543157,2
-6.298012,-9.064812,6.364084,1.650093,5.250200,1
-6.300818,-8.718747,6.350454,3.218872,4.002922,1
-6.126768,-8.457169,8.613276,2.695482,4.022996,1
-3.499734,8.447988,4.739530,1.469694,-8.430291,0
-1.925269,8.654994,5.230534,3.081873,-6.059145,0
-7.212978,-4.627376,1.681863,0.075236,-4.413528,3
-7.434180,-3.567594,0.581826,-1.005431,-3.983840,3
-7.059987,-3.541807,0.807507,-0.168364,-5.433285,3
-7.945223,-9.143552,6.714011,1.835329,4.218101,1
-1.636877,9.197628,6.829682,1.164871,-7.719349,0
-5.168401,-10.210229,5.709962,3.493471,3.952128,1
-1.005799,9.891648,4.418915,2.000056,-6.671244,0
-7.642834,-9.607470,6.383620,2.851775,3.967625,1
-6.836298,-8.985330,8.287402,4.232823,3.603960,1
-4.219366,7.666101,5.383143,2.144035,-7.063611,0
-4.170718,8.948206,3.428863,1.321334,-6.832229,0
-5.324466,-5.170078,0.679839,-0.423184,-4.162918,3
-6.856477,-2.562952,0.919195,-1.321653,-5.611327,3
-0.979647,8.856278,4.212998,0.961065,-8.534484,0
-3.474121,9.700338,5.698303,0.214430,-8.062886,0
-7.051019,-1.865343,0.495811,-0.578970,-4.966317,3
-6.461970,-2.246086,-0.447429,0.253679,-4.497445,3
-8.804920,9.146658,6.051343,-4.330848,-4.624601,2
-7.879412,-9.343103,8.164143,2.569034,3.922519,1
-10.680011,9.011097,7.344391,-4.904116,-6.657468,2
-9.844490,9.156700,6.587089,-5.273776,-5.488984,2
-10.351596,9.436135,7.332182,-5.962532,-5.290523,2
-9.006284,9.658639,6.110011,-6.761772,-8.326126,2
-4.560780,-8.445010,7.515572,1.713184,4.294992,1
-2.894280,8.337364,5.251555,3.004169,-5.948347,0
-6.069301,-8.044839,5.574991,3.326640,2.498960,1
-10.512776,10.961086,6.374860,-5.996602,-6.663339,2
-6.873687,-9.274714,7.213913,1.933937,3.791441,1
-8.809374,9.855970,8.323345,-5.758814,-5.694759,2
-6.904305,-9.742030,7.647882,0.843260,5.349131,1
-10.025030,9.332064,8.748575,-6.000243,-6.721841,2
-5.755997,-7.890801,6.550645,2.429353,3.189795,1
-8.506543,8.085978,7.270923,-4.424284,-5.976692,2
-7.017558,-7.885453,8.935801,3.337215,5.801416,1
-10.334888,9.221423,5.100235,-6.244372,-6.648376,2
-4.880908,-3.035738,-0.582247,0.015397,-3.862285,3
-10.725996,9.196706,6.642332,-5.154423,-5.695160,2
-7.001058,-8.418795,6.436031,1.584842,4.883833,1
-7.368021,-6.681020,6.717808,2.764396,4.460744,1
-5.661348,-9.051771,8.814249,2.170968,3.824366,1
-7.048931,-8.768276,8.485401,1.094947,4.399821,1
-9.169912,10.799796,7.299303,-7.256298,-5.311553,2
-5.649840,-3.788977,0.272654,0.685763,-4.850351,3
-6.612983,-8.329603,5.742332,2.917339,3.678391,1
-5.172836,-4.251410,0.920619,-0.163853,-5.547091,3
-1.593796,9.343037,4.110119,2.486437,-6.782550,0
-0.433797,9.885411,4.313855,3.174384,-7.287703,0
-10.680244,10.288445,6.820692,-5.199967,-7.539095,2
-5.000571,-1.994788,-0.727766,-1.289846,-5.468925,3
-8.935047,-4.276466,0.430944,-2.371698,-4.690636,3
-9.346988,8.247183,7.035176,-5.957689,-4.608025,2
-4.034723,8.322378,4.594293,2.216509,-7.120863,0
-8.528038,-4.077279,0.638177,-0.511488,-3.482560,3
-6.526179,-4.670947,1.543836,0.294307,-4.658979,3
-10.490362,8.528534,7.774288,-6.942630,-4.720828,2
-6.073249,-3.702415,1.278002,-1.792225,-3.767364,3
-2.548753,9.695787,4.668197,2.002926,-5.941343,0
-9.341805,9.896419,7.789002,-4.172677,-7.378595,2
-5.911718,-4.771653,0.592799,-2.625598,-5.968524,3
-4.589167,-10.227900,5.678124,3.044871,6.601204,1
-6.343002,-4.728170,1.318409,-1.135338,-4.157804,3
-11.468234,11.269162,7.038467,-6.621511,-5.828872,2
-8.576847,10.739673,5.906369,-6.238524,-5.132626,2
-7.083783,-9.716310,6.496643,1.795821,4.528817,1
-11.366898,9.717849,6.144673,-5.834740,-6.015824,2
-10.487094,8.067883,6.459732,-4.831568,-6.491050,2
-4.629395,-3.712826,2.126986,-2.094133,-2.357355,3
-11.709010,8.791332,7.106539,-8.500723,-6.863231,2
-8.409722,-4.235453,2.138507,-1.000452,-5.038911,3
-1.827245,8.704019,4.964045,1.843027,-6.782631,0
-3.068119,9.391498,6.205403,1.907419,-7.434827,0
-1.410421,9.839702,5.453388,3.278648,-6.858623,0
-3.366355,7.943394,5.122351,1.749707,-6.165627,0
-7.988533,-4.439603,-0.240175,-0.639620,-5.225558,3
-3.348415,8.705074,4.971142,2.948715,-7.358801,0
-7.178761,-2.665536,1.274478,-1.400119,-4.593327,3
-7.689713,-8.414267,6.849684,2.007848,4.707736,1
-9.033500,-9.477290,6.000433,3.664315,5.171269,1
-7.868932,11.390712,5.882196,-6.302775,-5.503913,2
-8.249913,-8.926610,9.903232,1.218626,5.800568,1
-2.444918,7.936541,3.924575,2.652767,-7.609994,0
-10.045612,9.355374,6.706876,-4.904787,-8.610390,2
-10.561856,9.874555,7.154323,-4.693008,-3.603841,2
-6.343457,-7.652624,8.042476,3.018348,3.404656,1
-9.434031,-7.904008,5.956644,1.797535,2.991339,1
-5.619588,-1.633503,-0.122513,-2.896140,-6.055427,3
-8.968599,8.762835,5.459186,-6.377563,-6.548026,2
-7.041351,-4.203704,-0.288625,0.373837,-5.032189,3
-4.547322,8.006200,2.769087,1.621656,-6.861209,0
-5.202409,-9.391916,7.892506,3.650697,3.782324,1
-10.265875,10.592306,5.667687,-6.217622,-5.901440,2
-2.623934,9.519273,5.505634,0.772873,-7.214128,0
-7.489892,-8.972345,7.338211,1.237402,4.809732,1
-6.887457,-3.710766,-0.707021,-1.756780,-3.857964,3
-2.543909,7.845608,5.782702,2.725103,-6.088595,0
-6.062615,-3.960048,0.677630,-2.031215,-3.003699,3
-3.546444,8.823947,3.764261,0.590370,-5.953450,0
-7.819445,-8.982415,6.113828,2.622229,5.692202,1
-6.062343,-7.448120,7.881333,2.032653,2.849615,1
-0.643423,9.488119,3.448575,2.629723,-7.854309,0
-11.189214,8.569700,6.545598,-7.396407,-6.539355,2
-6.554313,-8.643943,6.970357,2.360784,3.866050,1
-0.840176,8.754695,3.136736,1.727427,-7.152351,0
-6.366509,-9.371029,6.153606,-0.849962,4.133937,1
-10.193055,7.192631,7.545919,-4.478343,-5.711979,2
-10.514691,9.953710,5.730166,-6.170585,-6.658591,2
-5.693079,-8.199598,6.180518,3.655732,3.015106,1
-6.570289,-8.204551,7.737322,1.837013,4.031631,1
-2.183065,7.763173,5.563906,1.788268,-7.402350,0
-9.238660,7.833394,6.744197,-6.016666,-5.684358,2
-9.806356,8.550563,5.996764,-6.842851,-7.148263,2
-1.591336,11.136442,5.672344,0.453800,-7.363861,0
-6.419345,-3.366836,1.444723,-1.420515,-2.319914,3
-7.027605,-4.833282,1.734713,-1.757329,-3.107038,3
-9.867273,9.118437,7.439225,-5.413166,-5.792888,2
-9.410397,-9.124332,8.424483,3.980648,2.931902,1
-2.310138,8.414069,4.709681,1.587856,-6.766110,0
-10.426896,8.511516,7.183670,-4.524237,-7.000808,2
-5.574415,-2.544619,1.190332,-1.077349,-5.163291,3
-8.443300,-7.955218,7.245686,1.841820,7.354559,1
-6.757439,-7.213649,7.646602,1.769947,3.869640,1
-3.844542,9.394484,5.250465,2.532960,-5.798846,0
-8.298475,-10.599137,5.797867,3.284884,3.609593,1
-8.497330,11.410467,7.672562,-5.503909,-5.318412,2
-3.190249,9.854930,3.987255,1.526986,-8.769168,0
-9.801460,-8.401768,8.227458,-0.340632,3.151721,1
-8.740136,8.165674,7.201153,-5.127587,-7.060272,2
-5.794280,-3.486969,0.215135,-2.640130,-3.660123,3
-8.214135,-9.439695,7.643305,0.429307,4.601926,1
-10.510170,8.394240,6.856120,-5.683873,-7.085238,2
-9.621923,9.852938,6.132423,-5.949684,-6.569360,2
-6.658606,-4.957733,-0.677105,-0.896730,-4.725969,3
-6.323880,-8.382440,9.488525,1.378782,5.089292,1
-6.191550,-5.882225,-0.622058,-1.546945,-3.865418,3
-6.514479,-4.905113,0.460121,-2.172100,-5.289464,3
-6.548129,-8.647828,8.032975,1.586814,4.674557,1
-3.464738,7.407840,4.843342,1.216819,-8.301881,0
-2.734974,9.081814,3.215131,1.428787,-6.768705,0
-10.907557,9.195216,5.848814,-5.816742,-5.126063,2
-0.599781,7.615719,5.202848,1.322527,-7.366753,0
-0.929625,8.491426,4.219692,1.691385,-8.224078,0
-1.965837,8.351662,5.210478,1.209911,-8.684509,0
-1.847067,10.600303,3.402063,4.106203,-8.831715,0
-5.492441,-2.696960,1.552497,-0.488903,-4.490504,3
-9.036834,9.738786,7.039549,-7.079690,-5.316183,2
-5.799904,-3.553494,2.256317,-1.361413,-5.357291,3
-10.114558,10.786535,6.263831,-5.370229,-6.222244,2
-5.366660,-8.207516,6.299336,3.876393,5.382485,1
-3.498802,8.888499,4.695604,3.067361,-8.572092,0
-4.441469,-3.865847,1.263968,-1.969326,-3.812302,3
-6.458189,-7.224616,7.777057,1.778144,5.125539,1
-6.260955,-6.780832,7.344317,1.294297,3.978555,1
-3.406452,9.090091,3.962717,2.948289,-7.026685,0
-11.718877,10.166404,6.864249,-5.244949,-2.437263,2
-7.134734,-3.989128,0.419463,0.611443,-5.561405,3
-5.381894,-3.672150,-1.037572,-1.557380,-3.873717,3
-6.803174,-5.890643,1.246228,-3.426183,-4.146960,3
-9.818711,8.473964,7.539051,-4.717968,-8.209689,2
-10.584126,10.049333,7.507304,-5.987838,-6.325263,2
-7.527204,-2.464228,2.302325,-3.043758,-5.199446,3
-6.079341,-2.530623,0.939327,-0.259777,-3.708872,3
-2.496196,10.467820,4.375222,4.693339,-6.253960,0
-8.495241,-7.673588,6.588931,1.212048,4.362021,1
-8.962802,10.283429,6.056497,-5.629670,-4.409343,2
-10.012546,8.828364,6.978362,-7.270391,-5.612921,2
-8.077155,7.947021,6.636764,-7.005611,-5.999869,2
-6.603051,9.765679,6.335323,-4.831416,-5.880813,2
-2.273583,9.785151,3.161293,3.116924,-6.541131,0
-3.576818,8.871907,4.760174,2.487609,-6.168012,0
-2.616228,7.979044,4.086230,0.775292,-4.914902,0
-6.966196,-4.151125,1.239314,-0.939554,-3.908599,3
-5.371605,-3.452672,-0.684240,-1.188845,-3.503886,3
-3.056057,8.981533,4.096454,1.260324,-6.773197,0
-6.646893,-7.885191,7.610647,1.409863,4.522955,1
-5.488107,-7.920011,5.753022,1.032672,5.102223,1
-1.895031,9.771794,4.109378,1.397351,-7.154679,0
-9.229856,8.667241,7.406775,-5.067710,-4.514892,2
-1.686027,9.087604,3.349918,0.678091,-7.215412,0
-6.228472,-1.873079,0.772487,-1.383379,-3.853335,3
-6.113376,-2.905683,-0.349813,-2.860116,-4.267262,3
-5.876006,-4.374245,-0.199472,-2.515462,-5.927246,3
-9.588103,9.388897,6.320958,-5.598027,-5.538402,2
-10.420132,9.331019,5.933093,-5.071166,-4.876255,2
-5.556754,-3.362115,0.729153,-1.609628,-2.974886,3
-7.305289,-2.908022,0.831274,-1.588576,-4.999353,3
-9.502417,7.178897,6.419053,-6.604624,-6.188289,2
-6.484306,-8.344298,7.584197,1.471995,3.489828,1
-9.975441,9.352786,6.674241,-7.672891,-6.377338,2
-5.906465,-3.692865,1.773994,-2.313416,-4.852412,3
-7.587045,-4.042810,-0.065479,-4.290548,-2.122445,3
-2.535711,9.074516,7.103121,1.780809,-6.578080,0
-2.948929,10.461264,4.836434,3.005014,-8.365188,0
-9.948079,8.072149,6.235388,-5.492937,-7.327260,2
-3.282023,8.777468,4.154515,2.055044,-4.564969,0
-0.976459,8.905526,5.041591,2.663314,-7.280848,0
-8.743152,9.349300,5.243663,-5.805622,-4.659395,2
-7.271758,-8.569201,6.980331,2.643872,3.791841,1
-5.082405,-5.247933,0.145689,-2.133668,-3.796264,3
-6.639216,10.642877,5.297778,-7.075676,-5.881635,2
-6.412788,-3.862897,-0.565476,-2.078116,-5.460001,3
-1.687137,10.911079,4.394491,1.219434,-7.769142,0
-7.667893,-9.459175,7.155379,1.550210,2.182152,1
-7.726466,-9.481878,8.353484,1.687525,3.757803,1
-6.390922,-8.203606,8.433223,2.432119,3.920194,1
-2.986855,9.493266,4.973541,3.010710,-7.389644,0
-10.168363,9.637602,7.148538,-5.281216,-6.287545,2
-4.576977,-3.896754,0.720393,-0.668377,-5.444748,3
-5.019926,-3.594369,0.689181,-2.631161,-3.888461,3
-4.938455,-3.204606,0.924469,-0.981460,-4.731536,3
-6.297196,-5.883659,1.150104,-0.550301,-5.169280,3
-4.995523,-7.295084,6.834673,0.902683,4.302338,1
-10.004505,8.268128,6.198840,-4.496069,-6.898836,2
-3.026809,9.238074,4.623456,3.161563,-4.352695,0
-8.015290,8.932391,6.498015,-5.827165,-6.815160,2
-5.835036,-2.845384,-0.704569,-3.677243,-3.317403,3
-5.826321,-2.426042,2.766578,-1.765497,-3.683988,3
-2.564782,9.294255,3.514390,4.418922,-6.750406,0
-8.845628,9.880446,5.411190,-4.884062,-5.476210,2
-9.087644,9.447971,6.655916,-6.413539,-5.664672,2
-6.789758,-4.074517,0.124546,-2.709147,-4.890098,3
-6.015551,-4.800404,0.676191,-0.057822,-3.589251,3
-4.691295,-0.763098,-0.628365,-1.118218,-6.257516,3
-7.024628,-9.630748,7.015561,0.128686,4.374745,1
-8.843305,9.203500,6.584665,-5.661465,-6.111260,2
-9.330558,8.156436,6.983029,-5.908477,-8.271308,2
-10.235852,10.142389,6.467629,-6.402591,-5.042197,2
-8.612493,10.316651,5.403135,-5.698284,-7.073081,2
-1.932125,8.811241,5.011025,1.369184,-6.793037,0
-3.418585,10.417080,3.238028,2.560027,-4.689172,0
-9.890356,9.068749,7.380724,-5.418160,-6.047345,2
-2.265510,9.259253,4.132936,1.502131,-6.647577,0
-2.290047,9.263670,6.217332,1.877874,-6.600606,0
-4.222332,10.368159,4.525339,3.210986,-8.474055,0
-5.207537,-8.419309,6.618511,1.966531,4.719778,1
-7.269835,-3.698530,-0.530624,-0.260278,-3.114046,3
-7.553600,-8.559334,6.488176,4.167449,2.973853,1
-6.598918,-8.734127,7.260930,1.268336,3.880776,1
-7.549182,-7.798423,6.717907,3.848310,4.839377,1
-6.156374,-5.758949,-0.395189,-1.425177,-3.639126,3
-1.675275,9.473466,4.569713,0.312209,-6.450009,0
-2.394970,9.164588,4.276267,1.916224,-6.571825,0
-9.119043,7.862625,7.405641,-5.140749,-7.380184,2
-5.904912,-8.337234,7.513105,3.023346,1.458219,1
-3.002199,8.424921,5.489481,2.330185,-7.572537,0
-5.210205,-8.443656,6.127640,2.466903,5.358083,1
-7.160106,-5.933643,0.640192,-0.567924,-4.297474,3
-6.674459,-3.744691,-0.467604,-1.567711,-3.565201,3
-8.163055,-5.143599,-1.580459,-1.447169,-4.325738,3
-9.779214,10.117955,5.355580,-6.709654,-5.891094,2
-7.210233,-4.293163,0.726575,-0.714610,-4.391085,3
-2.440635,7.951982,5.113471,1.053745,-5.329693,0
-10.846815,9.181180,6.340370,-3.326501,-5.930541,2
-7.970509,-7.427395,7.224935,2.041150,4.869666,1
-8.105875,-10.302703,7.547975,3.069399,5.845379,1
-8.184940,10.096100,6.205809,-6.232711,-6.066925,2
-12.027127,9.263918,8.071601,-4.827002,-5.398103,2
-3.638249,8.489766,5.129253,0.751042,-6.166629,0
-3.945060,10.177450,4.650112,0.991661,-6.417524,0
-7.933792,-9.906131,8.273831,3.732914,4.057002,1
-9.031925,-9.557481,7.112393,1.035121,4.030195,1
-10.238075,8.194996,5.606808,-6.240421,-6.715422,2
-1.460188,8.309942,3.231418,0.416541,-6.273617,0
-5.264527,-10.072677,6.731059,1.995894,4.441613,1
-7.426354,-8.446524,5.844611,2.205660,4.146142,1
-8.341418,9.336193,7.600302,-6.119725,-8.067372,2
-8.055942,9.898061,5.249547,-5.385568,-8.463527,2
-2.001924,10.080961,5.809174,3.355329,-6.230917,0
-1.932641,9.325536,7.718760,3.092745,-7.007545,0
-3.957282,7.606822,3.921435,1.759723,-6.568720,0
-6.141486,-3.465936,-0.014678,-1.326659,-6.663745,3
-6.202234,-9.492403,5.492890,2.533503,5.535110,1
-8.972539,10.602081,6.509407,-6.203407,-6.362973,2
-3.660191,9.389984,4.039240,1.681476,-7.481334,0
-6.765084,-8.998461,7.994863,2.235497,3.409482,1
-5.467889,-8.917969,7.775895,0.959907,4.589759,1
-5.600530,-3.324733,0.352982,-1.022412,-3.145960,3
-8.917829,8.326340,5.095094,-4.935328,-5.987091,2
-10.192291,9.168648,5.009369,-6.145689,-5.366930,2
-9.852825,7.394335,7.284271,-6.992476,-6.303568,2
-5.731472,-9.854150,7.385203,2.451117,4.854557,1
-9.129923,7.311170,6.064235,-5.784277,-7.273184,2
-4.628737,-5.553184,-1.291247,-1.983134,-3.592680,3
-6.626370,-8.370635,8.409309,2.120283,4.469502,1
-3.282987,7.769631,2.861159,3.469214,-6.225262,0
-10.488931,10.036589,6.320234,-5.150030,-6.907615,2
-10.358306,8.102080,6.192732,-5.571791,-5.768471,2
-5.505233,-9.484292,6.524331,1.539557,3.208123,1
-11.036902,9.098520,6.598648,-3.132425,-7.475468,2
-8.983795,10.280530,6.196762,-6.223260,-6.097622,2
-8.701423,8.977435,4.044639,-5.554270,-5.926762,2
-2.037729,10.896311,5.985299,3.566356,-7.390843,0
-5.185059,-9.460977,7.518130,1.279830,2.841429,1
-3.108590,6.890390,4.114124,1.214037,-6.729233,0
-6.155014,-8.322149,6.682041,2.454223,4.961861,1
-7.431295,-9.656527,7.320148,1.852116,3.708224,1
-7.166233,-3.151125,-1.047673,-1.993855,-3.578976,3
-5.810630,-3.593477,0.663188,-2.356248,-4.356920,3
-3.619773,10.766557,5.575557,3.244725,-6.157955,0
-3.638904,9.544090,6.081447,-0.498475,-7.676522,0
-6.860207,-2.879067,-0.927846,-2.331224,-4.572975,3
-4.709167,-9.014214,7.446728,2.573786,4.205054,1
-3.530430,9.722643,4.883680,1.409091,-8.159932,0
-2.749523,8.639465,5.350839,2.417433,-7.240593,0
-3.522029,9.328533,3.731855,0.560866,-5.413978,0
-6.801474,-10.836528,8.239851,2.368789,5.159462,1
-4.879293,-4.831476,-0.341792,-1.501475,-3.867805,3
-4.801715,-3.250228,-0.429435,-2.958699,-4.502435,3
-9.503101,6.407061,6.461957,-7.383691,-5.157506,2
-1.834378,7.891564,5.022289,2.139622,-6.387176,0
-8.648549,-8.515160,7.175920,1.556264,2.566748,1
-9.184015,10.633979,5.577799,-5.073002,-5.170993,2
-2.287064,8.535538,5.895635,1.078562,-7.066499,0
-5.290185,-3.331611,0.365611,-0.781242,-4.882310,3
-6.611720,-4.879693,1.001094,-2.089372,-2.010361,3
-7.862597,-9.062961,7.873575,1.053956,4.266827,1
-5.006478,-5.321970,1.081033,-2.097870,-5.590684,3
-9.393285,8.639915,5.518237,-5.130507,-5.733971,2
-6.594556,-8.317205,7.968739,2.577905,4.251032,1
-6.285907,-4.819770,1.667885,-0.695683,-2.234200,3
-9.832391,9.358890,6.514356,-5.419358,-4.932134,2
-9.668910,8.565141,7.564243,-6.302758,-6.480267,2
-9.015784,-5.700579,8.379580,2.245539,4.106558,1
-2.035960,8.941457,3.793085,0.458322,-7.326142,0
-3.869054,9.760540,5.285363,4.136424,-7.187405,0
-6.008935,-3.976159,0.995369,-1.894700,-2.954596,3
-7.208684,-2.203115,-1.252508,-0.926330,-3.699987,3
-8.050378,8.275652,5.731350,-4.735556,-6.092005,2
-1.948413,10.097337,5.693681,0.595500,-7.817452,0
-7.067254,-7.852598,8.510909,4.611864,4.741085,1
-1.099850,11.313184,4.277040,1.527667,-5.426243,0
-6.725440,-3.736460,1.724343,-0.758005,-5.025952,3
-6.424854,-4.154657,1.611962,-1.174683,-4.907049,3
-2.011199,10.465430,5.599150,4.126352,-7.646975,0
-0.753857,8.765322,5.611450,2.618546,-5.510996,0
-5.380360,-4.936318,0.968601,-1.628741,-3.328646,3
-2.929843,8.671572,3.837602,1.811884,-6.475576,0
-6.662677,-7.968260,7.819205,2.172719,4.526413,1
-3.746148,7.693830,5.161820,2.270154,-6.629134,0
-8.825181,-4.880820,2.124295,-1.942882,-5.349297,3
-5.825669,-2.467849,1.063232,-2.410755,-2.812854,3
-7.139656,-8.099517,7.938890,1.086862,5.247434,1
-5.243140,-4.291456,0.513948,-2.532754,-2.479694,3
-4.136740,9.062371,4.899601,1.068853,-6.241035,0
-1.029253,9.091654,3.778595,3.496294,-6.340717,0
-10.940980,7.875838,7.761541,-6.382481,-4.829773,2
-8.450986,-9.965095,6.129598,2.165243,5.893967,1
-2.984143,8.360957,6.405333,2.378151,-8.140511,0
-2.694857,7.907951,3.443672,2.785696,-5.523387,0
-6.253333,-6.043889,0.953297,-2.340821,-5.328750,3
-7.224438,8.612211,5.267808,-5.449399,-5.641938,2
-7.737473,-4.900148,0.693809,-1.440167,-4.754541,3
-6.581357,-9.590119,6.897165,3.170746,4.274722,1
-3.860882,8.038413,5.693521,1.023771,-4.247245,0
-2.017278,7.694053,6.471338,3.152610,-7.348803,0
-7.684174,11.024156,8.867633,-5.912263,-6.067876,2
-9.664261,9.078350,6.800611,-6.588361,-4.273962,2
-9.167337,9.890216,6.122818,-7.906561,-5.266348,2
-9.656944,8.029882,8.636129,-4.841855,-6.257747,2
-6.258713,-4.065398,1.686836,-1.444818,-5.294963,3
-10.455440,8.740081,6.345127,-7.099089,-7.182759,2
-8.352179,9.486855,6.846169,-6.370870,-6.679574,2
-6.907414,-9.771596,6.880241,1.137498,3.988505,1
-7.493512,-9.140797,6.935346,2.192716,4.322026,1
-6.270971,-9.930641,7.007114,3.235398,4.303168,1
-5.177895,-8.597575,9.925206,2.587810,2.400689,1
-7.344727,-8.637168,7.606811,1.763395,4.748145,1
-2.495268,8.990161,4.837964,1.828809,-7.453289,0
-6.905664,-7.665599,7.867123,1.651686,4.933150,1
-5.838255,-2.619092,-0.612028,-1.726606,-4.326716,3
-5.491175,-3.707353,-0.797497,-1.893268,-4.782772,3
-6.842106,-8.718296,7.937041,0.999508,3.904075,1
-7.229426,-8.857747,7.020343,2.822242,2.545141,1
-5.706636,-8.657306,6.026691,2.421988,3.510095,1
-5.781112,-3.470381,-0.330525,-1.211736,-3.811277,3
-6.012385,-2.261538,0.635016,-0.364981,-5.565639,3
-8.682090,-8.296865,8.082678,1.445790,1.570409,1
-10.517821,7.901668,5.998829,-5.836656,-7.813146,2
-9.199151,9.345076,7.872422,-4.656749,-6.989178,2
-6.990158,-3.461646,-0.487165,-1.302115,-3.728545,3
-3.788775,8.389468,4.665970,2.490829,-7.605371,0
-10.586371,9.014226,6.899053,-3.757550,-3.253582,2
-2.152085,10.492180,4.121609,1.164676,-7.381384,0
-3.071664,9.646694,5.612433,2.594980,-8.449852,0
-5.161711,-3.780859,0.574726,-0.807042,-5.037120,3
-8.168707,8.797773,4.782313,-4.745704,-7.048130,2
-7.128801,-7.230982,7.814498,2.757178,4.824333,1
-6.917332,-8.110698,7.375469,2.754940,4.080735,1
-4.550932,8.767109,3.957895,0.971550,-7.160727,0
-6.903656,-3.582548,1.428257,-1.583820,-3.110245,3
-3.025242,9.110407,4.177604,1.538673,-7.188799,0
-6.734986,-1.923602,-0.336933,-1.911215,-4.322443,3
-6.743733,-3.783227,0.040581,-1.579753,-4.266817,3
-5.618188,-9.744060,6.669757,1.426639,5.535890,1
-5.809767,-5.018825,0.164339,-2.141299,-2.844842,3
-9.568693,10.071058,7.240667,-6.107258,-6.937102,2
-1.652799,9.228380,3.394140,2.146351,-6.494310,0
-1.994162,9.528072,5.154927,5.825901,-6.308737,0
-0.958046,9.129961,5.819176,2.040688,-4.818879,0
-8.241266,-2.596853,0.567809,-1.772593,-4.264651,3
-9.704539,9.612910,8.226971,-4.767768,-5.494346,2
-9.016253,9.336006,7.773206,-6.087295,-5.798895,2
-10.769123,10.512519,7.364234,-5.035032,-5.925025,2
-6.895276,9.747997,5.644798,-5.848682,-8.139747,2
-10.067148,8.535421,7.342332,-6.145230,-5.303564,2
-8.459137,-4.014249,-0.107692,-0.928837,-3.705373,3
-2.559436,8.775338,3.732315,1.396398,-6.124236,0
-10.306229,9.167672,7.828578,-5.559110,-6.894715,2
-7.509951,-2.247931,2.018367,-0.625478,-2.393618,3
-7.121248,-3.922200,0.279519,-1.732958,-4.903879,3
-10.399168,8.140619,6.414833,-5.286859,-5.376166,2
-4.823902,-9.941536,7.102269,1.745487,4.468858,1
-2.213077,9.275341,4.644992,1.738583,-8.294998,0
-5.459594,-5.058174,1.315287,-1.425788,-4.102543,3
-7.557825,-6.824941,7.460058,1.656979,4.346132,1
-6.703668,-9.205356,6.495933,2.108444,3.089313,1
-5.890603,-4.648311,0.724125,-3.219001,-3.572170,3
-10.145733,8.985199,5.722155,-5.784657,-7.211929,2
-3.185590,10.815227,4.599721,0.542395,-6.751523,0
-3.431363,9.883892,5.995517,2.386605,-5.002831,0
-7.077448,-8.989601,7.128615,3.156070,4.755008,1
-8.174791,-7.677501,6.855822,2.368804,4.114531,1
-7.727699,-3.323806,-0.228862,-1.556490,-4.627367,3
-8.318388,-7.919099,6.655379,3.895598,5.241500,1
-7.880441,-9.516073,7.837431,2.201882,4.512082,1
-7.531528,-9.322214,7.003176,2.446466,4.684287,1
-2.142599,8.074406,4.126012,0.913956,-6.942306,0
-10.448695,8.984592,8.536540,-5.196665,-7.698982,2
-7.442278,-9.047550,5.640085,1.216430,5.126303,1
-5.847563,-7.711623,6.232556,1.611486,3.055747,1
-1.584564,9.073916,3.992942,2.671393,-6.486142,0
-10.124112,7.690839,5.532328,-4.517406,-6.519399,2
-6.369480,-5.646356,1.990067,-1.319774,-3.732415,3
-8.104194,9.753810,6.335795,-5.753926,-7.613908,2
-0.628041,7.566272,2.441073,2.413184,-7.381681,0
-5.882436,-1.829108,-0.519631,-1.722562,-3.758971,3
-6.963215,-10.343048,8.083579,2.104740,2.703900,1
-2.996804,8.581728,5.034331,1.552185,-6.589852,0
-3.307495,7.634967,3.908949,1.940043,-5.085069,0
-6.107675,-4.261582,-1.116439,-1.623759,-4.511804,3
-10.177177,8.560935,6.040978,-6.292340,-6.911769,2
-9.015182,7.612331,6.289223,-5.452110,-6.179666,2
-9.819176,10.851458,5.310247,-5.060299,-6.969361,2
-6.324731,-6.001633,0.655618,0.851431,-4.535456,3
-12.224058,9.401573,6.976674,-4.828948,-7.377397,2
-8.357718,-4.986008,2.406548,-2.641555,-3.985937,3
-3.236335,8.766767,4.565445,2.593842,-6.701926,0
-7.327431,-7.557311,7.391378,2.875074,4.646184,1
-7.111763,-2.833170,-0.854448,-1.776313,-4.141390,3
-8.573066,-8.936667,6.334932,0.918711,4.341346,1
-7.976385,-10.278379,8.918028,1.175339,3.170059,1
-8.227236,-9.809942,8.523937,1.365406,3.114541,1
-9.537422,9.571539,6.892806,-5.976420,-4.873637,2
-6.503009,-8.867591,8.449573,1.970907,2.388419,1
-4.474207,-4.018586,-0.743924,0.734744,-2.580975,3
-6.616294,-2.324573,1.174060,-1.498095,-4.694814,3
-6.946032,-3.774172,2.083756,-0.665697,-5.316426,3
-6.383410,-9.303638,7.217575,4.666644,2.658481,1
-11.104953,10.875131,5.481073,-5.536442,-7.460803,2
-6.714727,-4.038884,0.097449,-2.545130,-4.575316,3
-2.301510,9.285865,3.363130,0.892113,-5.826474,0
-3.292451,8.692225,5.453396,0.742305,-6.652167,0
-8.206856,8.105934,7.338561,-6.256193,-6.100013,2
-7.095031,-9.146362,8.103183,3.332609,5.557135,1
-7.309515,-8.716030,7.866821,2.071160,4.202043,1
-8.262513,8.111033,5.251735,-6.336817,-5.325122,2
-5.206084,8.959991,4.408944,2.669376,-5.030671,0
-4.811119,7.499095,6.006753,3.618137,-7.128663,0
-6.529848,-1.847249,-1.336554,-2.412410,-2.677986,3
-6.574591,-4.941524,1.725129,-2.325805,-2.546949,3
-6.350417,-8.908827,7.810025,2.086775,2.185985,1
-3.155771,7.932738,6.327020,2.854809,-6.887600,0
-6.877064,-8.401390,8.514169,2.971854,2.676554,1
-7.213929,-7.665203,7.693165,1.914998,4.609168,1
-8.819718,-2.638190,0.833152,-2.568121,-5.250730,3
-7.625051,-3.342765,0.945732,-3.230916,-5.337201,3
-5.107858,-7.177069,6.866427,1.420088,4.630226,1
-10.607974,9.374645,6.474499,-5.527910,-6.733028,2
-2.322431,8.258903,4.028361,0.566509,-7.802860,0
-2.223332,9.348743,5.298423,3.983374,-7.056574,0
-4.321910,-9.402575,7.508074,3.564410,6.167544,1
-9.574037,8.444258,6.241817,-5.066899,-6.257606,2
-10.887891,10.227929,7.460249,-6.901481,-5.544723,2
-3.069379,9.761580,5.250249,1.952268,-6.762300,0
-7.039536,-4.627329,0.384463,-2.257742,-3.333434,3
-7.163865,-4.553438,-0.320247,-2.427335,-2.050646,3
-1.242286,8.306617,5.083698,2.747804,-7.806558,0
-1.722113,10.172882,3.819197,2.936546,-6.466846,0
-0.880582,7.634185,2.936496,1.917622,-6.495562,0
-3.108573,9.019530,4.686859,1.523104,-6.256777,0
-2.961504,6.590407,3.055976,2.733584,-6.093827,0
-9.820498,-8.182427,7.518259,2.003591,3.772933,1
-9.195894,8.889233,6.623279,-7.522294,-7.058214,2
-1.382633,8.745397,3.533353,4.546529,-6.820409,0
-8.797685,7.428093,7.541450,-6.964390,-5.632737,2
-6.940770,-9.546735,5.809809,0.219161,2.577316,1
-7.204871,-3.033748,1.216264,-2.277374,-2.819974,3
-8.259728,-9.465045,8.185916,2.975425,4.674537,1
-8.908937,8.249403,7.315165,-5.290626,-8.089307,2
-5.495837,-8.274419,7.918277,2.875716,4.920380,1
-4.818606,-7.629962,8.347585,2.614827,4.939813,1
-8.019254,-5.709048,-0.860319,-2.070121,-2.222158,3
-2.660983,9.602603,4.920871,1.350470,-7.087749,0
-7.835232,-8.414729,9.386048,0.954767,4.185671,1
-7.508083,-3.427595,1.677020,-0.880192,-4.377941,3
-10.965928,8.833423,7.670236,-3.664775,-7.949484,2
-2.779073,8.035522,4.195586,2.350470,-6.122639,0
-7.926840,9.419084,6.879554,-7.013383,-6.979862,2
-2.969836,10.071408,4.983497,0.210130,-6.555543,0
-4.434621,-3.758461,1.518659,-1.185813,-5.512143,3
-7.148127,-3.837012,1.356765,-1.222039,-5.752414,3
-0.623012,9.188864,4.897429,1.898724,-8.798398,0
-8.971304,10.081766,5.282897,-4.541274,-6.102250,2
-8.324603,8.551881,7.192332,-5.553407,-6.099481,2
-1.914041,8.196065,6.732266,0.967152,-8.093816,0
-7.338994,-7.759647,7.285014,1.849673,5.045111,1
-6.020800,-5.804804,2.510404,-0.070455,-4.572613,3
-4.534340,9.200740,3.978092,2.825603,-7.672148,0
-6.496245,-3.703062,-0.498230,-2.376978,-5.563960,3
-7.787799,10.637143,6.858512,-6.244854,-5.556378,2
-5.662951,-7.317012,8.321834,1.590680,4.565182,1
-3.393055,9.168011,4.698088,0.830199,-6.521840,0
-2.253168,9.996977,6.305353,2.987540,-8.720501,0
-0.958697,8.015932,5.624201,1.759181,-6.929091,0
-8.069026,9.908989,7.679433,-6.411052,-5.508975,2
-3.846720,-3.650380,1.770519,-1.512814,-3.642058,3
-5.723664,-5.232287,1.271157,-2.363317,-4.927852,3
-4.548430,8.744879,5.357421,3.475527,-6.805532,0
-7.083690,-9.420009,6.308766,1.373023,2.937511,1
-10.096450,9.250417,6.195604,-4.300750,-6.036756,2
-2.292739,9.059858,3.988278,4.117114,-6.245708,0
-9.957587,9.541586,4.872618,-5.344565,-7.392872,2
-6.813119,-8.322389,5.760977,1.493248,4.955716,1
-7.569336,-3.805747,1.823769,-1.047915,-4.781921,3
-9.168216,10.005048,8.705396,-6.884106,-5.889869,2
-2.924486,9.647068,6.910572,2.155036,-6.631407,0
-5.487644,-9.088374,7.612217,2.282622,4.027143,1
-7.229367,-9.159963,9.400271,2.404236,4.591493,1
-3.463507,-5.583754,1.553857,-1.533901,-3.403497,3
-9.411489,8.851517,6.377198,-4.079766,-5.023040,2
-9.659909,7.880323,6.291824,-4.862835,-5.788296,2
-10.075539,8.722489,6.683005,-6.840464,-7.449326,2
-9.443422,9.422100,6.297439,-4.189804,-7.181929,2
-7.127467,-3.490761,1.774647,-3.577918,-3.672672,3
-6.174937,-4.501686,0.719345,-0.646490,-6.225358,3
-3.633840,7.480172,5.917556,2.305484,-7.628114,0
-10.545461,9.741985,6.600200,-5.720421,-7.121996,2
-4.648809,-8.200277,7.824367,0.221243,3.618778,1
-0.876786,7.584145,4.199834,2.103910,-5.438354,0
-10.223868,11.137048,6.327610,-3.920661,-5.549349,2
-3.064675,8.376899,5.828895,3.393674,-7.450373,0
-5.614402,-9.704503,8.292980,2.449495,3.515224,1
-7.582101,-9.501229,5.920918,3.771877,2.917588,1
-6.132199,-9.911071,7.562770,4.096383,3.242067,1
-6.846026,-9.608301,7.557309,0.466405,4.492332,1
-10.136597,9.558215,7.150636,-4.635819,-4.915001,2
-6.102835,-2.840837,0.719468,-0.457082,-4.472899,3
-6.033751,-3.276495,1.553247,-0.993480,-4.027328,3
-1.614004,9.649458,5.689432,1.437934,-5.562233,0
-1.231533,8.422715,5.186976,1.770977,-7.097308,0
-11.195971,9.582938,8.672459,-5.746418,-6.553540,2
-4.582588,8.671599,4.268438,0.565658,-7.657444,0
-2.387188,11.574371,4.543819,3.122443,-7.582804,0
-7.252943,-7.111364,6.923887,2.246985,5.094042,1
-9.003897,11.374638,5.084611,-4.136005,-6.259145,2
-9.106243,9.766930,7.042650,-7.680890,-6.642384,2
-6.829481,-4.697159,-0.264574,-3.132168,-3.703875,3
-4.024942,10.561791,6.435757,1.360381,-7.267329,0
-5.241048,-4.378095,0.345188,-2.794251,-4.700080,3
-5.141361,-3.702581,1.522115,-0.255199,-4.739365,3
-2.220029,11.469586,4.002139,1.442173,-7.502768,0
-8.124133,10.395056,6.929489,-3.994597,-5.991395,2
-2.527711,8.725627,4.962597,1.145939,-6.360281,0
-6.701117,-6.822143,0.120307,-2.399643,-5.806693,3
-8.508975,-3.736678,1.923986,-2.835232,-4.761345,3
-6.671032,-3.545094,0.371396,-0.903294,-4.672349,3
-2.162749,8.334261,4.872133,2.266242,-7.593979,0
-6.227787,-10.414720,8.800063,3.402392,3.535889,1
-9.945756,9.217805,8.021701,-7.965080,-4.830067,2
-9.963506,9.080482,7.930497,-5.195527,-7.474959,2
-6.545367,-3.418956,-0.040188,-0.849600,-2.240263,3
-9.486454,10.947217,5.409746,-7.220743,-6.198740,2
-7.877640,-2.325316,1.069200,0.038495,-5.517545,3
-5.762149,-3.719673,0.396283,-0.925124,-6.707663,3
-7.798695,-4.416557,1.470441,-0.845472,-3.196995,3
-1.351087,9.805949,5.263999,2.601515,-6.891874,0
-9.502623,8.472772,6.904237,-6.648564,-6.771601,2
-4.803878,-3.027651,1.255975,-1.301014,-3.787105,3
-10.524816,8.730417,6.941046,-5.940547,-8.601732,2
-5.758165,-5.191460,-0.793179,-1.068384,-4.029896,3
-7.235978,-5.464116,0.753105,-0.257222,-3.700249,3
-9.751103,9.439116,5.646665,-5.012393,-6.876714,2
-6.664770,-4.008542,-0.034203,-2.875570,-3.853824,3
-5.849826,-8.599539,7.064481,1.825950,4.089850,1
-6.823096,-8.569735,8.851991,2.530136,4.699748,1
-0.656919,9.000789,3.582168,2.795715,-8.100471,0
-6.125818,-7.649414,8.031827,2.373748,5.231602,1
-8.799253,9.482024,8.059312,-5.343455,-7.224589,2
-6.385815,-4.897459,1.616986,0.958941,-3.979286,3
-6.744324,-3.657956,0.254463,-1.353219,-4.501028,3
-9.711019,9.491569,5.518649,-3.341541,-4.847107,2
-5.644844,-2.448614,-0.616452,-1.396925,-4.706872,3
-6.878904,-9.655416,7.982769,2.959870,2.553892,1
-5.980430,-5.893380,0.542064,0.536667,-5.123310,3
-7.138906,-7.239681,7.884442,1.726820,4.858406,1
-10.054805,10.038677,6.458350,-5.429161,-7.511192,2
-7.878495,-8.536536,8.089603,3.249233,4.061297,1
-2.008280,8.036731,4.739211,2.724557,-8.549032,0
-2.311598,11.089547,3.950691,3.709133,-6.681716,0
-3.369611,8.629731,5.646172,1.396278,-6.043935,0
-8.754976,8.293334,6.869394,-4.535259,-6.876697,2
-2.285105,9.026879,4.737555,1.200160,-6.855117,0
-9.923448,9.740535,8.203013,-4.899242,-5.948635,2
-1.901301,9.200895,4.193445,2.167260,-5.805995,0
-8.803706,9.378937,6.385962,-5.730752,-5.816382,2
-6.174148,-5.012523,-0.981796,-2.100471,-2.983518,3
-2.167442,10.890457,5.590303,1.396266,-7.778042,0
-10.196900,8.869219,5.592295,-4.530135,-6.622355,2
-9.104433,8.295905,7.330212,-5.344610,-6.671309,2
-5.104799,-10.031965,8.242677,3.022883,3.490831,1
-8.023836,-8.729768,7.290293,1.814183,4.032914,1
-5.476354,-2.265674,1.565739,-2.090702,-3.814000,3
-6.388498,-2.696184,-1.455973,-1.217512,-5.993396,3
-5.778761,-4.463355,2.418574,-2.135715,-5.864600,3
-8.418720,9.168806,6.605376,-7.284325,-5.849246,2
-0.711511,9.655129,4.068700,2.545752,-5.480272,0
-3.101592,8.150295,4.688400,1.142220,-6.609170,0
-8.134399,-8.544770,5.966941,2.488730,4.125810,1
-6.064372,-7.977854,6.740445,1.855179,4.444032,1
-9.125125,9.595489,6.960161,-4.053260,-5.291958,2
-10.322484,9.480193,7.106133,-4.297395,-5.658994,2
-7.491879,-8.875365,6.894221,1.329879,2.755134,1
-4.387110,-8.844399,8.162014,2.104130,4.062562,1
-7.199164,-9.634354,8.399530,2.043612,6.062642,1
-6.795071,-4.326582,1.649029,-3.230841,-4.563938,3
-7.073769,-9.555150,5.456986,1.939620,4.039704,1
-10.064531,10.272586,6.911414,-5.559628,-5.512603,2
-6.857789,-3.737405,0.895610,-1.230034,-4.252861,3
-7.355013,-7.967030,5.977543,2.148680,6.100381,1
-7.307276,-2.611647,1.159831,-1.914020,-3.173592,3
-1.033841,9.871946,4.479940,1.954153,-7.882157,0
-5.727789,-1.611516,-0.984316,-0.101866,-3.028976,3
-2.166472,9.471039,5.209646,2.420878,-6.236904,0
-3.487570,9.422539,2.937295,3.002325,-6.407030,0
-7.528698,-3.021457,1.388083,0.468521,-4.585104,3
-7.899769,-3.568445,3.006685,-3.201177,-4.207698,3
-8.749370,8.780944,6.090551,-6.853372,-5.923999,2
-9.294086,9.163789,5.865087,-6.443759,-7.279693,2
-6.267336,-9.891743,6.699754,3.936332,3.970769,1
-5.652963,-4.727557,0.446099,-1.521460,-3.844566,3
-6.899747,-8.285838,7.547437,3.386441,4.286676,1
-10.278038,8.905074,8.092485,-7.009725,-5.550295,2
-4.476694,-8.895947,7.524622,3.072955,5.266977,1
-6.334314,-4.504427,-0.597035,-0.526348,-3.261646,3
-9.816910,8.403848,4.086519,-5.944246,-3.950885,2
-1.202055,7.406803,4.824513,2.233052,-6.097804,0
-6.615049,-4.216015,-0.714348,-0.972121,-3.923944,3
-2.581208,10.017819,5.001515,1.328050,-6.518232,0
-11.672423,11.122894,6.361405,-5.465889,-6.409013,2
-7.088674,-6.105077,1.689721,-0.402714,-4.123756,3
-2.490764,9.361868,4.100119,1.194865,-6.683782,0
-6.002803,-2.662313,0.046904,-2.053350,-6.144340,3
-7.189319,-9.590484,7.642697,3.362751,2.286279,1
-9.287836,10.020404,5.510020,-4.714106,-6.439265,2
-1.373632,9.968288,5.291270,1.657900,-6.120658,0
-7.647726,-3.634146,-1.637467,-0.348462,-4.333571,3
-6.803258,-9.063184,6.673520,2.190955,4.603392,1
-6.662030,-4.126822,-0.132605,-1.649139,-2.756886,3
-2.902536,9.043031,5.918331,2.164269,-6.833191,0
-8.761959,-9.387053,7.416368,2.182157,3.133776,1
-5.354094,-6.020802,1.648719,0.025250,-4.477598,3
-3.341553,9.485702,4.087656,2.606102,-6.676704,0
-6.998178,-10.960183,6.715701,3.319295,4.138583,1
-8.981587,9.215000,7.183358,-4.865562,-6.684168,2
-10.195010,9.609481,7.848932,-6.245120,-8.240053,2
-6.906631,-9.720202,7.160456,1.277398,3.486273,1
-7.903296,9.961078,5.769038,-3.766157,-6.894472,2
-6.711649,-7.520730,6.316980,3.162179,5.478567,1
-2.157142,7.762747,6.083643,1.891019,-5.762331,0
-7.032579,-8.130219,8.280225,1.236311,2.830219,1
-2.544186,10.785087,4.012912,3.785618,-6.171875,0
-1.540553,8.312233,4.312217,1.581062,-8.343142,0
-8.548694,-8.439105,7.970719,1.539114,5.735438,1
-7.166192,-1.731058,1.065636,-1.941748,-4.786802,3
-5.807602,-9.203280,6.484313,0.977491,2.195095,1
-7.104569,-3.084963,1.395527,-0.909874,-2.991924,3
-9.036301,-4.545040,0.006855,-0.727773,-4.152786,3
-9.719783,10.224244,6.212089,-7.359795,-4.613917,2
-8.656119,9.161642,7.784473,-6.859511,-7.188015,2
-8.315957,10.130689,6.937576,-7.408105,-7.323547,2
-6.672818,-3.486838,0.572285,-1.954911,-4.341049,3
-2.664875,10.182068,4.894300,2.310772,-7.291504,0
-8.810903,9.864868,8.169859,-6.702134,-4.616137,2
-8.716315,-8.330336,6.220156,-0.130590,4.550030,1
-6.804104,-8.299572,6.402849,2.191661,2.747737,1
-6.959223,-3.869932,0.546327,-1.862884,-5.547883,3
-5.572198,-4.009614,0.914739,-2.224983,-2.895952,3
-2.473934,8.314561,4.853859,1.860842,-7.100597,0
-6.851928,-8.847447,8.409418,2.496998,4.136425,1
-6.207536,-6.938446,7.190889,1.047771,5.268532,1
-2.422151,8.715279,4.731640,-0.014399,-7.099299,0
-3.535713,9.147256,3.939758,3.168216,-8.402814,0
-8.987103,7.954342,4.352672,-6.303755,-7.584213,2
-9.725682,9.788662,6.545631,-5.487855,-6.946259,2
-2.300334,7.054616,3.311693,2.170031,-6.141161,0
-0.832760,9.341214,4.420778,2.802575,-9.090763,0
-1.609598,9.321586,5.452741,2.602799,-7.708622,0
-6.363113,-3.897138,0.967759,-2.727958,-3.582850,3
-9.125022,9.441712,7.206992,-8.282778,-6.660108,2
-2.605911,8.469367,5.039015,1.935535,-5.776325,0
-6.220537,-4.094248,0.890948,-0.668244,-3.440780,3
-7.627321,-11.262568,8.207568,2.759144,3.880124,1
-6.991336,-9.742235,6.587993,3.258393,5.252762,1
-8.301920,-7.336994,7.000843,1.771467,5.489646,1
-5.578368,-7.276817,7.355527,1.268882,4.621424,1
-3.088817,-1.607239,0.313680,-1.467437,-3.179836,3
-9.728652,-7.689562,5.583809,1.659859,3.041782,1
-4.376463,9.700546,3.027163,1.501238,-5.790677,0
-7.851256,-6.747311,0.043970,-0.809359,-2.975155,3
-9.397675,10.339508,5.616329,-5.355291,-4.554194,2
-2.242147,9.903917,4.722163,3.038650,-7.396916,0
-3.427850,8.010145,3.872081,1.938485,-6.645412,0
-9.776365,-6.749953,7.183933,3.130483,3.121546,1
-1.636740,9.664487,4.540703,3.819807,-7.949712,0
-2.083740,8.047310,4.592167,1.969567,-8.037992,0
-3.789627,10.769080,2.557949,3.669626,-6.668610,0
-2.676316,9.161000,5.846388,1.156234,-6.510954,0
-9.126137,11.422507,5.285679,-5.563512,-7.025483,2
-7.416073,-8.030270,7.690810,3.860484,3.937986,1
-5.966525,-9.641507,8.816211,1.751177,4.140084,1
-4.985684,-3.392905,0.397213,0.911335,-3.286380,3
-10.094057,8.339289,8.130516,-3.790631,-6.359805,2
-10.043850,8.508956,7.604153,-4.877171,-4.890830,2
-1.554055,8.028560,5.143925,1.442912,-7.672500,0
-7.041699,-2.936266,-0.876614,0.247681,-3.347188,3
-6.944077,-3.423947,0.137099,-1.500497,-3.435764,3
-9.310933,10.758856,5.340032,-8.772730,-6.179651,2
-7.932181,-5.132438,0.654591,-2.253887,-3.661803,3
-11.012267,9.131545,6.219608,-5.164665,-7.961625,2
-8.986192,9.470234,6.436644,-6.705136,-6.286020,2
-5.504403,-8.988383,7.449099,1.849228,4.177031,1
-7.568260,-6.585892,8.305288,1.697469,1.662046,1
-6.443419,-4.720122,0.107429,-1.774715,-4.653063,3
-10.483380,9.995425,5.700505,-5.290011,-7.730638,2
-5.888067,-9.013288,6.567778,2.558810,3.262984,1
-8.436691,-9.266443,8.824283,2.872522,3.812799,1
